node1,node2,same_community
0,1,1
0,2,1
0,3,0
0,4,1
0,5,0
0,6,0
0,7,0
0,8,0
0,9,1
0,10,0
0,11,0
0,12,0
0,13,1
0,14,1
0,15,0
0,16,0
0,17,0
0,18,0
0,19,0
0,20,0
0,21,0
0,22,0
0,23,0
0,24,0
0,25,0
0,26,0
0,27,1
0,28,0
0,29,1
0,30,0
0,31,0
0,32,0
0,33,0
0,34,0
0,35,0
0,36,0
0,37,0
0,38,0
0,39,0
0,40,0
0,41,0
0,42,0
0,43,0
0,44,0
0,45,0
0,46,0
0,47,0
0,48,0
0,49,0
1,2,1
1,3,0
1,4,1
1,5,0
1,6,0
1,7,0
1,8,0
1,9,1
1,10,0
1,11,0
1,12,0
1,13,1
1,14,1
1,15,0
1,16,0
1,17,0
1,18,0
1,19,0
1,20,0
1,21,0
1,22,0
1,23,0
1,24,0
1,25,0
1,26,0
1,27,1
1,28,0
1,29,1
1,30,0
1,31,0
1,32,0
1,33,0
1,34,0
1,35,0
1,36,0
1,37,0
1,38,0
1,39,0
1,40,0
1,41,0
1,42,0
1,43,0
1,44,0
1,45,0
1,46,0
1,47,0
1,48,0
1,49,0
2,3,0
2,4,1
2,5,0
2,6,0
2,7,0
2,8,0
2,9,1
2,10,0
2,11,0
2,12,0
2,13,1
2,14,1
2,15,0
2,16,0
2,17,0
2,18,0
2,19,0
2,20,0
2,21,0
2,22,0
2,23,0
2,24,0
2,25,0
2,26,0
2,27,1
2,28,0
2,29,1
2,30,0
2,31,0
2,32,0
2,33,0
2,34,0
2,35,0
2,36,0
2,37,0
2,38,0
2,39,0
2,40,0
2,41,0
2,42,0
2,43,0
2,44,0
2,45,0
2,46,0
2,47,0
2,48,0
2,49,0
3,4,0
3,5,0
3,6,0
3,7,0
3,8,0
3,9,0
3,10,0
3,11,0
3,12,1
3,13,0
3,14,0
3,15,0
3,16,0
3,17,1
3,18,0
3,19,1
3,20,0
3,21,0
3,22,0
3,23,0
3,24,0
3,25,0
3,26,1
3,27,0
3,28,0
3,29,0
3,30,1
3,31,1
3,32,1
3,33,0
3,34,1
3,35,0
3,36,0
3,37,0
3,38,1
3,39,0
3,40,0
3,41,0
3,42,0
3,43,0
3,44,0
3,45,0
3,46,0
3,47,0
3,48,0
3,49,0
4,5,0
4,6,0
4,7,0
4,8,0
4,9,1
4,10,0
4,11,0
4,12,0
4,13,1
4,14,1
4,15,0
4,16,0
4,17,0
4,18,0
4,19,0
4,20,0
4,21,0
4,22,0
4,23,0
4,24,0
4,25,0
4,26,0
4,27,1
4,28,0
4,29,1
4,30,0
4,31,0
4,32,0
4,33,0
4,34,0
4,35,0
4,36,0
4,37,0
4,38,0
4,39,0
4,40,0
4,41,0
4,42,0
4,43,0
4,44,0
4,45,0
4,46,0
4,47,0
4,48,0
4,49,0
5,6,1
5,7,0
5,8,0
5,9,0
5,10,1
5,11,0
5,12,0
5,13,0
5,14,0
5,15,0
5,16,0
5,17,0
5,18,0
5,19,0
5,20,0
5,21,1
5,22,0
5,23,0
5,24,0
5,25,1
5,26,0
5,27,0
5,28,0
5,29,0
5,30,0
5,31,0
5,32,0
5,33,0
5,34,0
5,35,0
5,36,1
5,37,1
5,38,0
5,39,0
5,40,0
5,41,1
5,42,0
5,43,0
5,44,1
5,45,0
5,46,0
5,47,0
5,48,0
5,49,0
6,7,0
6,8,0
6,9,0
6,10,1
6,11,0
6,12,0
6,13,0
6,14,0
6,15,0
6,16,0
6,17,0
6,18,0
6,19,0
6,20,0
6,21,1
6,22,0
6,23,0
6,24,0
6,25,1
6,26,0
6,27,0
6,28,0
6,29,0
6,30,0
6,31,0
6,32,0
6,33,0
6,34,0
6,35,0
6,36,1
6,37,1
6,38,0
6,39,0
6,40,0
6,41,1
6,42,0
6,43,0
6,44,1
6,45,0
6,46,0
6,47,0
6,48,0
6,49,0
7,8,1
7,9,0
7,10,0
7,11,0
7,12,0
7,13,0
7,14,0
7,15,0
7,16,1
7,17,0
7,18,0
7,19,0
7,20,1
7,21,0
7,22,0
7,23,1
7,24,1
7,25,0
7,26,0
7,27,0
7,28,0
7,29,0
7,30,0
7,31,0
7,32,0
7,33,0
7,34,0
7,35,1
7,36,0
7,37,0
7,38,0
7,39,0
7,40,1
7,41,0
7,42,0
7,43,1
7,44,0
7,45,1
7,46,0
7,47,1
7,48,1
7,49,1
8,9,0
8,10,0
8,11,0
8,12,0
8,13,0
8,14,0
8,15,0
8,16,1
8,17,0
8,18,0
8,19,0
8,20,1
8,21,0
8,22,0
8,23,1
8,24,1
8,25,0
8,26,0
8,27,0
8,28,0
8,29,0
8,30,0
8,31,0
8,32,0
8,33,0
8,34,0
8,35,1
8,36,0
8,37,0
8,38,0
8,39,0
8,40,1
8,41,0
8,42,0
8,43,1
8,44,0
8,45,1
8,46,0
8,47,1
8,48,1
8,49,1
9,10,0
9,11,0
9,12,0
9,13,1
9,14,1
9,15,0
9,16,0
9,17,0
9,18,0
9,19,0
9,20,0
9,21,0
9,22,0
9,23,0
9,24,0
9,25,0
9,26,0
9,27,1
9,28,0
9,29,1
9,30,0
9,31,0
9,32,0
9,33,0
9,34,0
9,35,0
9,36,0
9,37,0
9,38,0
9,39,0
9,40,0
9,41,0
9,42,0
9,43,0
9,44,0
9,45,0
9,46,0
9,47,0
9,48,0
9,49,0
10,11,0
10,12,0
10,13,0
10,14,0
10,15,0
10,16,0
10,17,0
10,18,0
10,19,0
10,20,0
10,21,1
10,22,0
10,23,0
10,24,0
10,25,1
10,26,0
10,27,0
10,28,0
10,29,0
10,30,0
10,31,0
10,32,0
10,33,0
10,34,0
10,35,0
10,36,1
10,37,1
10,38,0
10,39,0
10,40,0
10,41,1
10,42,0
10,43,0
10,44,1
10,45,0
10,46,0
10,47,0
10,48,0
10,49,0
11,12,0
11,13,0
11,14,0
11,15,1
11,16,0
11,17,0
11,18,1
11,19,0
11,20,0
11,21,0
11,22,1
11,23,0
11,24,0
11,25,0
11,26,0
11,27,0
11,28,1
11,29,0
11,30,0
11,31,0
11,32,0
11,33,1
11,34,0
11,35,0
11,36,0
11,37,0
11,38,0
11,39,1
11,40,0
11,41,0
11,42,1
11,43,0
11,44,0
11,45,0
11,46,1
11,47,0
11,48,0
11,49,0
12,13,0
12,14,0
12,15,0
12,16,0
12,17,1
12,18,0
12,19,1
12,20,0
12,21,0
12,22,0
12,23,0
12,24,0
12,25,0
12,26,1
12,27,0
12,28,0
12,29,0
12,30,1
12,31,1
12,32,1
12,33,0
12,34,1
12,35,0
12,36,0
12,37,0
12,38,1
12,39,0
12,40,0
12,41,0
12,42,0
12,43,0
12,44,0
12,45,0
12,46,0
12,47,0
12,48,0
12,49,0
13,14,1
13,15,0
13,16,0
13,17,0
13,18,0
13,19,0
13,20,0
13,21,0
13,22,0
13,23,0
13,24,0
13,25,0
13,26,0
13,27,1
13,28,0
13,29,1
13,30,0
13,31,0
13,32,0
13,33,0
13,34,0
13,35,0
13,36,0
13,37,0
13,38,0
13,39,0
13,40,0
13,41,0
13,42,0
13,43,0
13,44,0
13,45,0
13,46,0
13,47,0
13,48,0
13,49,0
14,15,0
14,16,0
14,17,0
14,18,0
14,19,0
14,20,0
14,21,0
14,22,0
14,23,0
14,24,0
14,25,0
14,26,0
14,27,1
14,28,0
14,29,1
14,30,0
14,31,0
14,32,0
14,33,0
14,34,0
14,35,0
14,36,0
14,37,0
14,38,0
14,39,0
14,40,0
14,41,0
14,42,0
14,43,0
14,44,0
14,45,0
14,46,0
14,47,0
14,48,0
14,49,0
15,16,0
15,17,0
15,18,1
15,19,0
15,20,0
15,21,0
15,22,1
15,23,0
15,24,0
15,25,0
15,26,0
15,27,0
15,28,1
15,29,0
15,30,0
15,31,0
15,32,0
15,33,1
15,34,0
15,35,0
15,36,0
15,37,0
15,38,0
15,39,1
15,40,0
15,41,0
15,42,1
15,43,0
15,44,0
15,45,0
15,46,1
15,47,0
15,48,0
15,49,0
16,17,0
16,18,0
16,19,0
16,20,1
16,21,0
16,22,0
16,23,1
16,24,1
16,25,0
16,26,0
16,27,0
16,28,0
16,29,0
16,30,0
16,31,0
16,32,0
16,33,0
16,34,0
16,35,1
16,36,0
16,37,0
16,38,0
16,39,0
16,40,1
16,41,0
16,42,0
16,43,1
16,44,0
16,45,1
16,46,0
16,47,1
16,48,1
16,49,1
17,18,0
17,19,1
17,20,0
17,21,0
17,22,0
17,23,0
17,24,0
17,25,0
17,26,1
17,27,0
17,28,0
17,29,0
17,30,1
17,31,1
17,32,1
17,33,0
17,34,1
17,35,0
17,36,0
17,37,0
17,38,1
17,39,0
17,40,0
17,41,0
17,42,0
17,43,0
17,44,0
17,45,0
17,46,0
17,47,0
17,48,0
17,49,0
18,19,0
18,20,0
18,21,0
18,22,1
18,23,0
18,24,0
18,25,0
18,26,0
18,27,0
18,28,1
18,29,0
18,30,0
18,31,0
18,32,0
18,33,1
18,34,0
18,35,0
18,36,0
18,37,0
18,38,0
18,39,1
18,40,0
18,41,0
18,42,1
18,43,0
18,44,0
18,45,0
18,46,1
18,47,0
18,48,0
18,49,0
19,20,0
19,21,0
19,22,0
19,23,0
19,24,0
19,25,0
19,26,1
19,27,0
19,28,0
19,29,0
19,30,1
19,31,1
19,32,1
19,33,0
19,34,1
19,35,0
19,36,0
19,37,0
19,38,1
19,39,0
19,40,0
19,41,0
19,42,0
19,43,0
19,44,0
19,45,0
19,46,0
19,47,0
19,48,0
19,49,0
20,21,0
20,22,0
20,23,1
20,24,1
20,25,0
20,26,0
20,27,0
20,28,0
20,29,0
20,30,0
20,31,0
20,32,0
20,33,0
20,34,0
20,35,1
20,36,0
20,37,0
20,38,0
20,39,0
20,40,1
20,41,0
20,42,0
20,43,1
20,44,0
20,45,1
20,46,0
20,47,1
20,48,1
20,49,1
21,22,0
21,23,0
21,24,0
21,25,1
21,26,0
21,27,0
21,28,0
21,29,0
21,30,0
21,31,0
21,32,0
21,33,0
21,34,0
21,35,0
21,36,1
21,37,1
21,38,0
21,39,0
21,40,0
21,41,1
21,42,0
21,43,0
21,44,1
21,45,0
21,46,0
21,47,0
21,48,0
21,49,0
22,23,0
22,24,0
22,25,0
22,26,0
22,27,0
22,28,1
22,29,0
22,30,0
22,31,0
22,32,0
22,33,1
22,34,0
22,35,0
22,36,0
22,37,0
22,38,0
22,39,1
22,40,0
22,41,0
22,42,1
22,43,0
22,44,0
22,45,0
22,46,1
22,47,0
22,48,0
22,49,0
23,24,1
23,25,0
23,26,0
23,27,0
23,28,0
23,29,0
23,30,0
23,31,0
23,32,0
23,33,0
23,34,0
23,35,1
23,36,0
23,37,0
23,38,0
23,39,0
23,40,1
23,41,0
23,42,0
23,43,1
23,44,0
23,45,1
23,46,0
23,47,1
23,48,1
23,49,1
24,25,0
24,26,0
24,27,0
24,28,0
24,29,0
24,30,0
24,31,0
24,32,0
24,33,0
24,34,0
24,35,1
24,36,0
24,37,0
24,38,0
24,39,0
24,40,1
24,41,0
24,42,0
24,43,1
24,44,0
24,45,1
24,46,0
24,47,1
24,48,1
24,49,1
25,26,0
25,27,0
25,28,0
25,29,0
25,30,0
25,31,0
25,32,0
25,33,0
25,34,0
25,35,0
25,36,1
25,37,1
25,38,0
25,39,0
25,40,0
25,41,1
25,42,0
25,43,0
25,44,1
25,45,0
25,46,0
25,47,0
25,48,0
25,49,0
26,27,0
26,28,0
26,29,0
26,30,1
26,31,1
26,32,1
26,33,0
26,34,1
26,35,0
26,36,0
26,37,0
26,38,1
26,39,0
26,40,0
26,41,0
26,42,0
26,43,0
26,44,0
26,45,0
26,46,0
26,47,0
26,48,0
26,49,0
27,28,0
27,29,1
27,30,0
27,31,0
27,32,0
27,33,0
27,34,0
27,35,0
27,36,0
27,37,0
27,38,0
27,39,0
27,40,0
27,41,0
27,42,0
27,43,0
27,44,0
27,45,0
27,46,0
27,47,0
27,48,0
27,49,0
28,29,0
28,30,0
28,31,0
28,32,0
28,33,1
28,34,0
28,35,0
28,36,0
28,37,0
28,38,0
28,39,1
28,40,0
28,41,0
28,42,1
28,43,0
28,44,0
28,45,0
28,46,1
28,47,0
28,48,0
28,49,0
29,30,0
29,31,0
29,32,0
29,33,0
29,34,0
29,35,0
29,36,0
29,37,0
29,38,0
29,39,0
29,40,0
29,41,0
29,42,0
29,43,0
29,44,0
29,45,0
29,46,0
29,47,0
29,48,0
29,49,0
30,31,1
30,32,1
30,33,0
30,34,1
30,35,0
30,36,0
30,37,0
30,38,1
30,39,0
30,40,0
30,41,0
30,42,0
30,43,0
30,44,0
30,45,0
30,46,0
30,47,0
30,48,0
30,49,0
31,32,1
31,33,0
31,34,1
31,35,0
31,36,0
31,37,0
31,38,1
31,39,0
31,40,0
31,41,0
31,42,0
31,43,0
31,44,0
31,45,0
31,46,0
31,47,0
31,48,0
31,49,0
32,33,0
32,34,1
32,35,0
32,36,0
32,37,0
32,38,1
32,39,0
32,40,0
32,41,0
32,42,0
32,43,0
32,44,0
32,45,0
32,46,0
32,47,0
32,48,0
32,49,0
33,34,0
33,35,0
33,36,0
33,37,0
33,38,0
33,39,1
33,40,0
33,41,0
33,42,1
33,43,0
33,44,0
33,45,0
33,46,1
33,47,0
33,48,0
33,49,0
34,35,0
34,36,0
34,37,0
34,38,1
34,39,0
34,40,0
34,41,0
34,42,0
34,43,0
34,44,0
34,45,0
34,46,0
34,47,0
34,48,0
34,49,0
35,36,0
35,37,0
35,38,0
35,39,0
35,40,1
35,41,0
35,42,0
35,43,1
35,44,0
35,45,1
35,46,0
35,47,1
35,48,1
35,49,1
36,37,1
36,38,0
36,39,0
36,40,0
36,41,1
36,42,0
36,43,0
36,44,1
36,45,0
36,46,0
36,47,0
36,48,0
36,49,0
37,38,0
37,39,0
37,40,0
37,41,1
37,42,0
37,43,0
37,44,1
37,45,0
37,46,0
37,47,0
37,48,0
37,49,0
38,39,0
38,40,0
38,41,0
38,42,0
38,43,0
38,44,0
38,45,0
38,46,0
38,47,0
38,48,0
38,49,0
39,40,0
39,41,0
39,42,1
39,43,0
39,44,0
39,45,0
39,46,1
39,47,0
39,48,0
39,49,0
40,41,0
40,42,0
40,43,1
40,44,0
40,45,1
40,46,0
40,47,1
40,48,1
40,49,1
41,42,0
41,43,0
41,44,1
41,45,0
41,46,0
41,47,0
41,48,0
41,49,0
42,43,0
42,44,0
42,45,0
42,46,1
42,47,0
42,48,0
42,49,0
43,44,0
43,45,1
43,46,0
43,47,1
43,48,1
43,49,1
44,45,0
44,46,0
44,47,0
44,48,0
44,49,0
45,46,0
45,47,1
45,48,1
45,49,1
46,47,0
46,48,0
46,49,0
47,48,1
47,49,1
48,49,1
49,50,1
50,51,0
50,52,0
50,53,0
50,54,0
50,55,1
50,56,0
50,57,0
50,58,0
50,59,0
50,60,1
50,61,0
50,62,0
50,63,0
50,64,0
50,65,1
50,66,0
50,67,0
50,68,0
50,69,0
50,70,0
50,71,0
50,72,0
50,73,0
50,74,0
50,75,0
50,76,1
50,77,0
50,78,0
50,79,1
50,80,0
50,81,0
50,82,0
50,83,0
50,84,1
50,85,0
50,86,1
50,87,0
50,88,1
50,89,0
50,90,0
50,91,0
50,92,1
50,93,0
50,94,0
50,95,0
50,96,0
50,97,0
50,98,0
50,99,0
51,52,0
51,53,0
51,54,1
51,55,0
51,56,1
51,57,0
51,58,0
51,59,0
51,60,0
51,61,0
51,62,1
51,63,1
51,64,1
51,65,0
51,66,1
51,67,0
51,68,0
51,69,1
51,70,0
51,71,1
51,72,0
51,73,0
51,74,0
51,75,0
51,76,0
51,77,0
51,78,1
51,79,0
51,80,0
51,81,0
51,82,0
51,83,0
51,84,0
51,85,0
51,86,0
51,87,0
51,88,0
51,89,0
51,90,0
51,91,0
51,92,0
51,93,0
51,94,0
51,95,0
51,96,0
51,97,0
51,98,1
51,99,0
52,53,0
52,54,0
52,55,0
52,56,0
52,57,1
52,58,1
52,59,0
52,60,0
52,61,1
52,62,0
52,63,0
52,64,0
52,65,0
52,66,0
52,67,0
52,68,0
52,69,0
52,70,0
52,71,0
52,72,0
52,73,0
52,74,0
52,75,0
52,76,0
52,77,1
52,78,0
52,79,0
52,80,0
52,81,0
52,82,0
52,83,1
52,84,0
52,85,1
52,86,0
52,87,0
52,88,0
52,89,1
52,90,0
52,91,1
52,92,0
52,93,1
52,94,0
52,95,0
52,96,0
52,97,0
52,98,0
52,99,1
53,54,0
53,55,0
53,56,0
53,57,0
53,58,0
53,59,1
53,60,0
53,61,0
53,62,0
53,63,0
53,64,0
53,65,0
53,66,0
53,67,1
53,68,0
53,69,0
53,70,1
53,71,0
53,72,1
53,73,0
53,74,0
53,75,0
53,76,0
53,77,0
53,78,0
53,79,0
53,80,0
53,81,1
53,82,0
53,83,0
53,84,0
53,85,0
53,86,0
53,87,0
53,88,0
53,89,0
53,90,0
53,91,0
53,92,0
53,93,0
53,94,1
53,95,0
53,96,0
53,97,0
53,98,0
53,99,0
54,55,0
54,56,1
54,57,0
54,58,0
54,59,0
54,60,0
54,61,0
54,62,1
54,63,1
54,64,1
54,65,0
54,66,1
54,67,0
54,68,0
54,69,1
54,70,0
54,71,1
54,72,0
54,73,0
54,74,0
54,75,0
54,76,0
54,77,0
54,78,1
54,79,0
54,80,0
54,81,0
54,82,0
54,83,0
54,84,0
54,85,0
54,86,0
54,87,0
54,88,0
54,89,0
54,90,0
54,91,0
54,92,0
54,93,0
54,94,0
54,95,0
54,96,0
54,97,0
54,98,1
54,99,0
55,56,0
55,57,0
55,58,0
55,59,0
55,60,1
55,61,0
55,62,0
55,63,0
55,64,0
55,65,1
55,66,0
55,67,0
55,68,0
55,69,0
55,70,0
55,71,0
55,72,0
55,73,0
55,74,0
55,75,0
55,76,1
55,77,0
55,78,0
55,79,1
55,80,0
55,81,0
55,82,0
55,83,0
55,84,1
55,85,0
55,86,1
55,87,0
55,88,1
55,89,0
55,90,0
55,91,0
55,92,1
55,93,0
55,94,0
55,95,0
55,96,0
55,97,0
55,98,0
55,99,0
56,57,0
56,58,0
56,59,0
56,60,0
56,61,0
56,62,1
56,63,1
56,64,1
56,65,0
56,66,1
56,67,0
56,68,0
56,69,1
56,70,0
56,71,1
56,72,0
56,73,0
56,74,0
56,75,0
56,76,0
56,77,0
56,78,1
56,79,0
56,80,0
56,81,0
56,82,0
56,83,0
56,84,0
56,85,0
56,86,0
56,87,0
56,88,0
56,89,0
56,90,0
56,91,0
56,92,0
56,93,0
56,94,0
56,95,0
56,96,0
56,97,0
56,98,1
56,99,0
57,58,1
57,59,0
57,60,0
57,61,1
57,62,0
57,63,0
57,64,0
57,65,0
57,66,0
57,67,0
57,68,0
57,69,0
57,70,0
57,71,0
57,72,0
57,73,0
57,74,0
57,75,0
57,76,0
57,77,1
57,78,0
57,79,0
57,80,0
57,81,0
57,82,0
57,83,1
57,84,0
57,85,1
57,86,0
57,87,0
57,88,0
57,89,1
57,90,0
57,91,1
57,92,0
57,93,1
57,94,0
57,95,0
57,96,0
57,97,0
57,98,0
57,99,1
58,59,0
58,60,0
58,61,1
58,62,0
58,63,0
58,64,0
58,65,0
58,66,0
58,67,0
58,68,0
58,69,0
58,70,0
58,71,0
58,72,0
58,73,0
58,74,0
58,75,0
58,76,0
58,77,1
58,78,0
58,79,0
58,80,0
58,81,0
58,82,0
58,83,1
58,84,0
58,85,1
58,86,0
58,87,0
58,88,0
58,89,1
58,90,0
58,91,1
58,92,0
58,93,1
58,94,0
58,95,0
58,96,0
58,97,0
58,98,0
58,99,1
59,60,0
59,61,0
59,62,0
59,63,0
59,64,0
59,65,0
59,66,0
59,67,1
59,68,0
59,69,0
59,70,1
59,71,0
59,72,1
59,73,0
59,74,0
59,75,0
59,76,0
59,77,0
59,78,0
59,79,0
59,80,0
59,81,1
59,82,0
59,83,0
59,84,0
59,85,0
59,86,0
59,87,0
59,88,0
59,89,0
59,90,0
59,91,0
59,92,0
59,93,0
59,94,1
59,95,0
59,96,0
59,97,0
59,98,0
59,99,0
60,61,0
60,62,0
60,63,0
60,64,0
60,65,1
60,66,0
60,67,0
60,68,0
60,69,0
60,70,0
60,71,0
60,72,0
60,73,0
60,74,0
60,75,0
60,76,1
60,77,0
60,78,0
60,79,1
60,80,0
60,81,0
60,82,0
60,83,0
60,84,1
60,85,0
60,86,1
60,87,0
60,88,1
60,89,0
60,90,0
60,91,0
60,92,1
60,93,0
60,94,0
60,95,0
60,96,0
60,97,0
60,98,0
60,99,0
61,62,0
61,63,0
61,64,0
61,65,0
61,66,0
61,67,0
61,68,0
61,69,0
61,70,0
61,71,0
61,72,0
61,73,0
61,74,0
61,75,0
61,76,0
61,77,1
61,78,0
61,79,0
61,80,0
61,81,0
61,82,0
61,83,1
61,84,0
61,85,1
61,86,0
61,87,0
61,88,0
61,89,1
61,90,0
61,91,1
61,92,0
61,93,1
61,94,0
61,95,0
61,96,0
61,97,0
61,98,0
61,99,1
62,63,1
62,64,1
62,65,0
62,66,1
62,67,0
62,68,0
62,69,1
62,70,0
62,71,1
62,72,0
62,73,0
62,74,0
62,75,0
62,76,0
62,77,0
62,78,1
62,79,0
62,80,0
62,81,0
62,82,0
62,83,0
62,84,0
62,85,0
62,86,0
62,87,0
62,88,0
62,89,0
62,90,0
62,91,0
62,92,0
62,93,0
62,94,0
62,95,0
62,96,0
62,97,0
62,98,1
62,99,0
63,64,1
63,65,0
63,66,1
63,67,0
63,68,0
63,69,1
63,70,0
63,71,1
63,72,0
63,73,0
63,74,0
63,75,0
63,76,0
63,77,0
63,78,1
63,79,0
63,80,0
63,81,0
63,82,0
63,83,0
63,84,0
63,85,0
63,86,0
63,87,0
63,88,0
63,89,0
63,90,0
63,91,0
63,92,0
63,93,0
63,94,0
63,95,0
63,96,0
63,97,0
63,98,1
63,99,0
64,65,0
64,66,1
64,67,0
64,68,0
64,69,1
64,70,0
64,71,1
64,72,0
64,73,0
64,74,0
64,75,0
64,76,0
64,77,0
64,78,1
64,79,0
64,80,0
64,81,0
64,82,0
64,83,0
64,84,0
64,85,0
64,86,0
64,87,0
64,88,0
64,89,0
64,90,0
64,91,0
64,92,0
64,93,0
64,94,0
64,95,0
64,96,0
64,97,0
64,98,1
64,99,0
65,66,0
65,67,0
65,68,0
65,69,0
65,70,0
65,71,0
65,72,0
65,73,0
65,74,0
65,75,0
65,76,1
65,77,0
65,78,0
65,79,1
65,80,0
65,81,0
65,82,0
65,83,0
65,84,1
65,85,0
65,86,1
65,87,0
65,88,1
65,89,0
65,90,0
65,91,0
65,92,1
65,93,0
65,94,0
65,95,0
65,96,0
65,97,0
65,98,0
65,99,0
66,67,0
66,68,0
66,69,1
66,70,0
66,71,1
66,72,0
66,73,0
66,74,0
66,75,0
66,76,0
66,77,0
66,78,1
66,79,0
66,80,0
66,81,0
66,82,0
66,83,0
66,84,0
66,85,0
66,86,0
66,87,0
66,88,0
66,89,0
66,90,0
66,91,0
66,92,0
66,93,0
66,94,0
66,95,0
66,96,0
66,97,0
66,98,1
66,99,0
67,68,0
67,69,0
67,70,1
67,71,0
67,72,1
67,73,0
67,74,0
67,75,0
67,76,0
67,77,0
67,78,0
67,79,0
67,80,0
67,81,1
67,82,0
67,83,0
67,84,0
67,85,0
67,86,0
67,87,0
67,88,0
67,89,0
67,90,0
67,91,0
67,92,0
67,93,0
67,94,1
67,95,0
67,96,0
67,97,0
67,98,0
67,99,0
68,69,0
68,70,0
68,71,0
68,72,0
68,73,1
68,74,1
68,75,1
68,76,0
68,77,0
68,78,0
68,79,0
68,80,1
68,81,0
68,82,1
68,83,0
68,84,0
68,85,0
68,86,0
68,87,1
68,88,0
68,89,0
68,90,1
68,91,0
68,92,0
68,93,0
68,94,0
68,95,1
68,96,1
68,97,1
68,98,0
68,99,0
69,70,0
69,71,1
69,72,0
69,73,0
69,74,0
69,75,0
69,76,0
69,77,0
69,78,1
69,79,0
69,80,0
69,81,0
69,82,0
69,83,0
69,84,0
69,85,0
69,86,0
69,87,0
69,88,0
69,89,0
69,90,0
69,91,0
69,92,0
69,93,0
69,94,0
69,95,0
69,96,0
69,97,0
69,98,1
69,99,0
70,71,0
70,72,1
70,73,0
70,74,0
70,75,0
70,76,0
70,77,0
70,78,0
70,79,0
70,80,0
70,81,1
70,82,0
70,83,0
70,84,0
70,85,0
70,86,0
70,87,0
70,88,0
70,89,0
70,90,0
70,91,0
70,92,0
70,93,0
70,94,1
70,95,0
70,96,0
70,97,0
70,98,0
70,99,0
71,72,0
71,73,0
71,74,0
71,75,0
71,76,0
71,77,0
71,78,1
71,79,0
71,80,0
71,81,0
71,82,0
71,83,0
71,84,0
71,85,0
71,86,0
71,87,0
71,88,0
71,89,0
71,90,0
71,91,0
71,92,0
71,93,0
71,94,0
71,95,0
71,96,0
71,97,0
71,98,1
71,99,0
72,73,0
72,74,0
72,75,0
72,76,0
72,77,0
72,78,0
72,79,0
72,80,0
72,81,1
72,82,0
72,83,0
72,84,0
72,85,0
72,86,0
72,87,0
72,88,0
72,89,0
72,90,0
72,91,0
72,92,0
72,93,0
72,94,1
72,95,0
72,96,0
72,97,0
72,98,0
72,99,0
73,74,1
73,75,1
73,76,0
73,77,0
73,78,0
73,79,0
73,80,1
73,81,0
73,82,1
73,83,0
73,84,0
73,85,0
73,86,0
73,87,1
73,88,0
73,89,0
73,90,1
73,91,0
73,92,0
73,93,0
73,94,0
73,95,1
73,96,1
73,97,1
73,98,0
73,99,0
74,75,1
74,76,0
74,77,0
74,78,0
74,79,0
74,80,1
74,81,0
74,82,1
74,83,0
74,84,0
74,85,0
74,86,0
74,87,1
74,88,0
74,89,0
74,90,1
74,91,0
74,92,0
74,93,0
74,94,0
74,95,1
74,96,1
74,97,1
74,98,0
74,99,0
75,76,0
75,77,0
75,78,0
75,79,0
75,80,1
75,81,0
75,82,1
75,83,0
75,84,0
75,85,0
75,86,0
75,87,1
75,88,0
75,89,0
75,90,1
75,91,0
75,92,0
75,93,0
75,94,0
75,95,1
75,96,1
75,97,1
75,98,0
75,99,0
76,77,0
76,78,0
76,79,1
76,80,0
76,81,0
76,82,0
76,83,0
76,84,1
76,85,0
76,86,1
76,87,0
76,88,1
76,89,0
76,90,0
76,91,0
76,92,1
76,93,0
76,94,0
76,95,0
76,96,0
76,97,0
76,98,0
76,99,0
77,78,0
77,79,0
77,80,0
77,81,0
77,82,0
77,83,1
77,84,0
77,85,1
77,86,0
77,87,0
77,88,0
77,89,1
77,90,0
77,91,1
77,92,0
77,93,1
77,94,0
77,95,0
77,96,0
77,97,0
77,98,0
77,99,1
78,79,0
78,80,0
78,81,0
78,82,0
78,83,0
78,84,0
78,85,0
78,86,0
78,87,0
78,88,0
78,89,0
78,90,0
78,91,0
78,92,0
78,93,0
78,94,0
78,95,0
78,96,0
78,97,0
78,98,1
78,99,0
79,80,0
79,81,0
79,82,0
79,83,0
79,84,1
79,85,0
79,86,1
79,87,0
79,88,1
79,89,0
79,90,0
79,91,0
79,92,1
79,93,0
79,94,0
79,95,0
79,96,0
79,97,0
79,98,0
79,99,0
80,81,0
80,82,1
80,83,0
80,84,0
80,85,0
80,86,0
80,87,1
80,88,0
80,89,0
80,90,1
80,91,0
80,92,0
80,93,0
80,94,0
80,95,1
80,96,1
80,97,1
80,98,0
80,99,0
81,82,0
81,83,0
81,84,0
81,85,0
81,86,0
81,87,0
81,88,0
81,89,0
81,90,0
81,91,0
81,92,0
81,93,0
81,94,1
81,95,0
81,96,0
81,97,0
81,98,0
81,99,0
82,83,0
82,84,0
82,85,0
82,86,0
82,87,1
82,88,0
82,89,0
82,90,1
82,91,0
82,92,0
82,93,0
82,94,0
82,95,1
82,96,1
82,97,1
82,98,0
82,99,0
83,84,0
83,85,1
83,86,0
83,87,0
83,88,0
83,89,1
83,90,0
83,91,1
83,92,0
83,93,1
83,94,0
83,95,0
83,96,0
83,97,0
83,98,0
83,99,1
84,85,0
84,86,1
84,87,0
84,88,1
84,89,0
84,90,0
84,91,0
84,92,1
84,93,0
84,94,0
84,95,0
84,96,0
84,97,0
84,98,0
84,99,0
85,86,0
85,87,0
85,88,0
85,89,1
85,90,0
85,91,1
85,92,0
85,93,1
85,94,0
85,95,0
85,96,0
85,97,0
85,98,0
85,99,1
86,87,0
86,88,1
86,89,0
86,90,0
86,91,0
86,92,1
86,93,0
86,94,0
86,95,0
86,96,0
86,97,0
86,98,0
86,99,0
87,88,0
87,89,0
87,90,1
87,91,0
87,92,0
87,93,0
87,94,0
87,95,1
87,96,1
87,97,1
87,98,0
87,99,0
88,89,0
88,90,0
88,91,0
88,92,1
88,93,0
88,94,0
88,95,0
88,96,0
88,97,0
88,98,0
88,99,0
89,90,0
89,91,1
89,92,0
89,93,1
89,94,0
89,95,0
89,96,0
89,97,0
89,98,0
89,99,1
90,91,0
90,92,0
90,93,0
90,94,0
90,95,1
90,96,1
90,97,1
90,98,0
90,99,0
91,92,0
91,93,1
91,94,0
91,95,0
91,96,0
91,97,0
91,98,0
91,99,1
92,93,0
92,94,0
92,95,0
92,96,0
92,97,0
92,98,0
92,99,0
93,94,0
93,95,0
93,96,0
93,97,0
93,98,0
93,99,1
94,95,0
94,96,0
94,97,0
94,98,0
94,99,0
95,96,1
95,97,1
95,98,0
95,99,0
96,97,1
96,98,0
96,99,0
97,98,0
97,99,0
98,99,0
